{
  "count": 5,
  "value": [
    {
      "id": 1,
      "rev": 4,
      "fields": {
        "System.AreaPath": "$ProjectName$",
        "System.TeamProject": "$ProjectName$",
        "System.IterationPath": "$ProjectName$\\Sprint 1",
        "System.WorkItemType": "Issue",
        "System.State": "Done",
        "System.Reason": "Completed",
        "System.CreatedDate": "2019-09-26T05:18:13.933Z",
        "System.CreatedBy": "Thomas Petchel <thpetche@microsoft.com>",
        "System.ChangedDate": "2019-09-26T05:25:52.05Z",
        "System.ChangedBy": "Thomas Petchel <thpetche@microsoft.com>",
        "System.Title": "Define a release workflow",
        "Microsoft.VSTS.Scheduling.Effort": 0.0,
        "System.Description": null,
        "System.AssignedTo": null,
        "Microsoft.VSTS.Scheduling.RemainingWork": 0.0,
        "Microsoft.VSTS.Common.Priority": 2.0,
        "System.BoardLane": null,
        "System.Tags": null,
        "Microsoft.VSTS.TCM.Steps": null,
        "Microsoft.VSTS.TCM.Parameters": null,
        "Microsoft.VSTS.TCM.LocalDataSource": null,
        "Microsoft.VSTS.TCM.AutomationStatus": null,
        "System.History": null
      },
      "relations": null,
      "url": "https://dev.azure.com/lp3-staging-03/_apis/wit/workItems/1"
    },
    {
      "id": 2,
      "rev": 3,
      "fields": {
        "System.AreaPath": "$ProjectName$",
        "System.TeamProject": "$ProjectName$",
        "System.IterationPath": "$ProjectName$\\Sprint 1",
        "System.WorkItemType": "Issue",
        "System.State": "To Do",
        "System.Reason": "Added to backlog",
        "System.CreatedDate": "2019-09-26T05:18:21.783Z",
        "System.CreatedBy": "Thomas Petchel <thpetche@microsoft.com>",
        "System.ChangedDate": "2019-09-26T05:18:46.107Z",
        "System.ChangedBy": "Thomas Petchel <thpetche@microsoft.com>",
        "System.Title": "Connect the web app to a database",
        "Microsoft.VSTS.Scheduling.Effort": 0.0,
        "System.Description": null,
        "System.AssignedTo": null,
        "Microsoft.VSTS.Scheduling.RemainingWork": 0.0,
        "Microsoft.VSTS.Common.Priority": 2.0,
        "System.BoardLane": null,
        "System.Tags": null,
        "Microsoft.VSTS.TCM.Steps": null,
        "Microsoft.VSTS.TCM.Parameters": null,
        "Microsoft.VSTS.TCM.LocalDataSource": null,
        "Microsoft.VSTS.TCM.AutomationStatus": null,
        "System.History": null
      },
      "relations": null,
      "url": "https://dev.azure.com/lp3-staging-03/_apis/wit/workItems/2"
    },
    {
      "id": 3,
      "rev": 3,
      "fields": {
        "System.AreaPath": "$ProjectName$",
        "System.TeamProject": "$ProjectName$",
        "System.IterationPath": "$ProjectName$\\Sprint 1",
        "System.WorkItemType": "Issue",
        "System.State": "To Do",
        "System.Reason": "Added to backlog",
        "System.CreatedDate": "2019-09-26T05:18:27.373Z",
        "System.CreatedBy": "Thomas Petchel <thpetche@microsoft.com>",
        "System.ChangedDate": "2019-09-26T05:18:47.71Z",
        "System.ChangedBy": "Thomas Petchel <thpetche@microsoft.com>",
        "System.Title": "Automate quality tests",
        "Microsoft.VSTS.Scheduling.Effort": 0.0,
        "System.Description": null,
        "System.AssignedTo": null,
        "Microsoft.VSTS.Scheduling.RemainingWork": 0.0,
        "Microsoft.VSTS.Common.Priority": 2.0,
        "System.BoardLane": null,
        "System.Tags": null,
        "Microsoft.VSTS.TCM.Steps": null,
        "Microsoft.VSTS.TCM.Parameters": null,
        "Microsoft.VSTS.TCM.LocalDataSource": null,
        "Microsoft.VSTS.TCM.AutomationStatus": null,
        "System.History": null
      },
      "relations": null,
      "url": "https://dev.azure.com/lp3-staging-03/_apis/wit/workItems/3"
    },
    {
      "id": 4,
      "rev": 3,
      "fields": {
        "System.AreaPath": "$ProjectName$",
        "System.TeamProject": "$ProjectName$",
        "System.IterationPath": "$ProjectName$\\Sprint 1",
        "System.WorkItemType": "Issue",
        "System.State": "To Do",
        "System.Reason": "Added to backlog",
        "System.CreatedDate": "2019-09-26T05:18:33.477Z",
        "System.CreatedBy": "Thomas Petchel <thpetche@microsoft.com>",
        "System.ChangedDate": "2019-09-26T05:18:49.16Z",
        "System.ChangedBy": "Thomas Petchel <thpetche@microsoft.com>",
        "System.Title": "Automate performance tests",
        "Microsoft.VSTS.Scheduling.Effort": 0.0,
        "System.Description": null,
        "System.AssignedTo": null,
        "Microsoft.VSTS.Scheduling.RemainingWork": 0.0,
        "Microsoft.VSTS.Common.Priority": 2.0,
        "System.BoardLane": null,
        "System.Tags": null,
        "Microsoft.VSTS.TCM.Steps": null,
        "Microsoft.VSTS.TCM.Parameters": null,
        "Microsoft.VSTS.TCM.LocalDataSource": null,
        "Microsoft.VSTS.TCM.AutomationStatus": null,
        "System.History": null
      },
      "relations": null,
      "url": "https://dev.azure.com/lp3-staging-03/_apis/wit/workItems/4"
    },
    {
      "id": 5,
      "rev": 2,
      "fields": {
        "System.AreaPath": "$ProjectName$",
        "System.TeamProject": "$ProjectName$",
        "System.IterationPath": "$ProjectName$\\Sprint 1",
        "System.WorkItemType": "Issue",
        "System.State": "To Do",
        "System.Reason": "Added to backlog",
        "System.CreatedDate": "2019-09-26T05:18:41.473Z",
        "System.CreatedBy": "Thomas Petchel <thpetche@microsoft.com>",
        "System.ChangedDate": "2019-09-26T05:18:41.66Z",
        "System.ChangedBy": "Thomas Petchel <thpetche@microsoft.com>",
        "System.Title": "Improve release cadence",
        "Microsoft.VSTS.Scheduling.Effort": 0.0,
        "System.Description": null,
        "System.AssignedTo": null,
        "Microsoft.VSTS.Scheduling.RemainingWork": 0.0,
        "Microsoft.VSTS.Common.Priority": 2.0,
        "System.BoardLane": null,
        "System.Tags": null,
        "Microsoft.VSTS.TCM.Steps": null,
        "Microsoft.VSTS.TCM.Parameters": null,
        "Microsoft.VSTS.TCM.LocalDataSource": null,
        "Microsoft.VSTS.TCM.AutomationStatus": null,
        "System.History": null
      },
      "relations": null,
      "url": "https://dev.azure.com/lp3-staging-03/_apis/wit/workItems/5"
    }
  ],
  "HttpStatusCode": 0,
  "Message": null
}