{
  "count": 7,
  "value": [
    {
      "id": 6804,
      "rev": 2,
      "fields": {
        "System.AreaPath": "$ProjectName$",
        "System.TeamProject": "$ProjectName$",
        "System.IterationPath": "$ProjectName$\\Sprint 5",
        "System.WorkItemType": "Bug",
        "System.State": "New",
        "System.Reason": "New defect reported",
        "System.CreatedDate": "2020-01-22T23:32:38.33Z",
        "System.CreatedBy": "Megan Bowen <MeganB@azureapps.OnMicrosoft.com>",
        "System.ChangedDate": "2020-01-24T00:25:31.81Z",
        "System.ChangedBy": "Megan Bowen <MeganB@azureapps.OnMicrosoft.com>",
        "System.Title": "Lengthy usernames not accepted",
        "Microsoft.VSTS.Scheduling.Effort": 5.0,
        "System.Description": "Demo is long!",
        "System.AssignedTo": null,
        "Microsoft.VSTS.Scheduling.RemainingWork": 0.0,
        "Microsoft.VSTS.Common.Priority": 2.0,
        "System.BoardLane": null,
        "System.Tags": "Bug; Guests",
        "Microsoft.VSTS.TCM.Steps": null,
        "Microsoft.VSTS.TCM.Parameters": null,
        "Microsoft.VSTS.TCM.LocalDataSource": null,
        "Microsoft.VSTS.TCM.AutomationStatus": null,
        "System.History": null
      },
      "relations": [
        {
          "rel": "System.LinkTypes.Hierarchy-Reverse",
          "url": "https://dev.azure.com/DemoOrgCarlosM/_apis/wit/workItems/6811",
          "attributes": {
            "isLocked": "false",
            "comment": "Making a new link for the dependency",
            "name": "Parent"
          }
        }
      ],
      "url": "https://dev.azure.com/DemoOrgCarlosM/_apis/wit/workItems/6804"
    },
    {
      "id": 6803,
      "rev": 2,
      "fields": {
        "System.AreaPath": "$ProjectName$",
        "System.TeamProject": "$ProjectName$",
        "System.IterationPath": "$ProjectName$",
        "System.WorkItemType": "Bug",
        "System.State": "New",
        "System.Reason": "New defect reported",
        "System.CreatedDate": "2020-01-22T23:32:38.023Z",
        "System.CreatedBy": "Megan Bowen <MeganB@azureapps.OnMicrosoft.com>",
        "System.ChangedDate": "2020-01-24T00:25:31.81Z",
        "System.ChangedBy": "Megan Bowen <MeganB@azureapps.OnMicrosoft.com>",
        "System.Title": "Unable to connect through 3G network",
        "Microsoft.VSTS.Scheduling.Effort": 0.0,
        "System.Description": "Unable to connect through 3G network",
        "System.AssignedTo": null,
        "Microsoft.VSTS.Scheduling.RemainingWork": 0.0,
        "Microsoft.VSTS.Common.Priority": 2.0,
        "System.BoardLane": null,
        "System.Tags": null,
        "Microsoft.VSTS.TCM.Steps": null,
        "Microsoft.VSTS.TCM.Parameters": null,
        "Microsoft.VSTS.TCM.LocalDataSource": null,
        "Microsoft.VSTS.TCM.AutomationStatus": null,
        "System.History": null
      },
      "relations": [
        {
          "rel": "System.LinkTypes.Hierarchy-Reverse",
          "url": "https://dev.azure.com/DemoOrgCarlosM/_apis/wit/workItems/6831",
          "attributes": {
            "isLocked": "false",
            "comment": "Making a new link for the dependency",
            "name": "Parent"
          }
        }
      ],
      "url": "https://dev.azure.com/DemoOrgCarlosM/_apis/wit/workItems/6803"
    },
    {
      "id": 6802,
      "rev": 2,
      "fields": {
        "System.AreaPath": "$ProjectName$",
        "System.TeamProject": "$ProjectName$",
        "System.IterationPath": "$ProjectName$",
        "System.WorkItemType": "Bug",
        "System.State": "New",
        "System.Reason": "New defect reported",
        "System.CreatedDate": "2020-01-22T23:32:37.807Z",
        "System.CreatedBy": "Megan Bowen <MeganB@azureapps.OnMicrosoft.com>",
        "System.ChangedDate": "2020-01-24T00:25:31.81Z",
        "System.ChangedBy": "Megan Bowen <MeganB@azureapps.OnMicrosoft.com>",
        "System.Title": "Services has a bug",
        "Microsoft.VSTS.Scheduling.Effort": 0.0,
        "System.Description": "Services has a bug",
        "System.AssignedTo": null,
        "Microsoft.VSTS.Scheduling.RemainingWork": 0.0,
        "Microsoft.VSTS.Common.Priority": 2.0,
        "System.BoardLane": null,
        "System.Tags": null,
        "Microsoft.VSTS.TCM.Steps": null,
        "Microsoft.VSTS.TCM.Parameters": null,
        "Microsoft.VSTS.TCM.LocalDataSource": null,
        "Microsoft.VSTS.TCM.AutomationStatus": null,
        "System.History": null
      },
      "relations": [
        {
          "rel": "System.LinkTypes.Hierarchy-Reverse",
          "url": "https://dev.azure.com/DemoOrgCarlosM/_apis/wit/workItems/6827",
          "attributes": {
            "isLocked": "false",
            "comment": "Making a new link for the dependency",
            "name": "Parent"
          }
        }
      ],
      "url": "https://dev.azure.com/DemoOrgCarlosM/_apis/wit/workItems/6802"
    },
    {
      "id": 6801,
      "rev": 2,
      "fields": {
        "System.AreaPath": "$ProjectName$",
        "System.TeamProject": "$ProjectName$",
        "System.IterationPath": "$ProjectName$",
        "System.WorkItemType": "Bug",
        "System.State": "New",
        "System.Reason": "New defect reported",
        "System.CreatedDate": "2020-01-22T23:32:37.47Z",
        "System.CreatedBy": "Megan Bowen <MeganB@azureapps.OnMicrosoft.com>",
        "System.ChangedDate": "2020-01-24T00:25:31.81Z",
        "System.ChangedBy": "Megan Bowen <MeganB@azureapps.OnMicrosoft.com>",
        "System.Title": "Same face patterns are not recognized",
        "Microsoft.VSTS.Scheduling.Effort": 0.0,
        "System.Description": "Same face patterns are not recognized",
        "System.AssignedTo": null,
        "Microsoft.VSTS.Scheduling.RemainingWork": 0.0,
        "Microsoft.VSTS.Common.Priority": 2.0,
        "System.BoardLane": null,
        "System.Tags": null,
        "Microsoft.VSTS.TCM.Steps": null,
        "Microsoft.VSTS.TCM.Parameters": null,
        "Microsoft.VSTS.TCM.LocalDataSource": null,
        "Microsoft.VSTS.TCM.AutomationStatus": null,
        "System.History": null
      },
      "relations": [
        {
          "rel": "System.LinkTypes.Hierarchy-Reverse",
          "url": "https://dev.azure.com/DemoOrgCarlosM/_apis/wit/workItems/6819",
          "attributes": {
            "isLocked": "false",
            "comment": "Making a new link for the dependency",
            "name": "Parent"
          }
        }
      ],
      "url": "https://dev.azure.com/DemoOrgCarlosM/_apis/wit/workItems/6801"
    },
    {
      "id": 6800,
      "rev": 2,
      "fields": {
        "System.AreaPath": "$ProjectName$",
        "System.TeamProject": "$ProjectName$",
        "System.IterationPath": "$ProjectName$",
        "System.WorkItemType": "Bug",
        "System.State": "New",
        "System.Reason": "New defect reported",
        "System.CreatedDate": "2020-01-22T23:32:37.17Z",
        "System.CreatedBy": "Megan Bowen <MeganB@azureapps.OnMicrosoft.com>",
        "System.ChangedDate": "2020-01-24T00:25:31.81Z",
        "System.ChangedBy": "Megan Bowen <MeganB@azureapps.OnMicrosoft.com>",
        "System.Title": "Room lights are not dimming within the app",
        "Microsoft.VSTS.Scheduling.Effort": 0.0,
        "System.Description": "Room lights are not dimming within the app",
        "System.AssignedTo": null,
        "Microsoft.VSTS.Scheduling.RemainingWork": 0.0,
        "Microsoft.VSTS.Common.Priority": 2.0,
        "System.BoardLane": null,
        "System.Tags": null,
        "Microsoft.VSTS.TCM.Steps": null,
        "Microsoft.VSTS.TCM.Parameters": null,
        "Microsoft.VSTS.TCM.LocalDataSource": null,
        "Microsoft.VSTS.TCM.AutomationStatus": null,
        "System.History": null
      },
      "relations": [
        {
          "rel": "System.LinkTypes.Hierarchy-Reverse",
          "url": "https://dev.azure.com/DemoOrgCarlosM/_apis/wit/workItems/6818",
          "attributes": {
            "isLocked": "false",
            "comment": "Making a new link for the dependency",
            "name": "Parent"
          }
        }
      ],
      "url": "https://dev.azure.com/DemoOrgCarlosM/_apis/wit/workItems/6800"
    },
    {
      "id": 6799,
      "rev": 2,
      "fields": {
        "System.AreaPath": "$ProjectName$",
        "System.TeamProject": "$ProjectName$",
        "System.IterationPath": "$ProjectName$\\Sprint 2",
        "System.WorkItemType": "Bug",
        "System.State": "Committed",
        "System.Reason": "Commitment made by the team",
        "System.CreatedDate": "2020-01-22T23:32:36.873Z",
        "System.CreatedBy": "Megan Bowen <MeganB@azureapps.OnMicrosoft.com>",
        "System.ChangedDate": "2020-01-24T00:25:31.81Z",
        "System.ChangedBy": "Megan Bowen <MeganB@azureapps.OnMicrosoft.com>",
        "System.Title": "Search hotel works only for certain cities",
        "Microsoft.VSTS.Scheduling.Effort": 5.0,
        "System.Description": "Search hotel works only for certain cities",
        "System.AssignedTo": null,
        "Microsoft.VSTS.Scheduling.RemainingWork": 3.0,
        "Microsoft.VSTS.Common.Priority": 2.0,
        "System.BoardLane": null,
        "System.Tags": "Search Hotel Bug",
        "Microsoft.VSTS.TCM.Steps": null,
        "Microsoft.VSTS.TCM.Parameters": null,
        "Microsoft.VSTS.TCM.LocalDataSource": null,
        "Microsoft.VSTS.TCM.AutomationStatus": null,
        "System.History": null
      },
      "relations": [
        {
          "rel": "System.LinkTypes.Hierarchy-Reverse",
          "url": "https://dev.azure.com/DemoOrgCarlosM/_apis/wit/workItems/6811",
          "attributes": {
            "isLocked": "false",
            "comment": "Making a new link for the dependency",
            "name": "Parent"
          }
        }
      ],
      "url": "https://dev.azure.com/DemoOrgCarlosM/_apis/wit/workItems/6799"
    },
    {
      "id": 6798,
      "rev": 2,
      "fields": {
        "System.AreaPath": "$ProjectName$",
        "System.TeamProject": "$ProjectName$",
        "System.IterationPath": "$ProjectName$\\Sprint 3",
        "System.WorkItemType": "Bug",
        "System.State": "Approved",
        "System.Reason": "Approved by the Product Owner",
        "System.CreatedDate": "2020-01-22T23:32:36.507Z",
        "System.CreatedBy": "Megan Bowen <MeganB@azureapps.OnMicrosoft.com>",
        "System.ChangedDate": "2020-01-24T00:25:31.81Z",
        "System.ChangedBy": "Megan Bowen <MeganB@azureapps.OnMicrosoft.com>",
        "System.Title": "Misspelling found ",
        "Microsoft.VSTS.Scheduling.Effort": 0.0,
        "System.Description": "Misspelling found ",
        "System.AssignedTo": null,
        "Microsoft.VSTS.Scheduling.RemainingWork": 0.0,
        "Microsoft.VSTS.Common.Priority": 2.0,
        "System.BoardLane": null,
        "System.Tags": null,
        "Microsoft.VSTS.TCM.Steps": null,
        "Microsoft.VSTS.TCM.Parameters": null,
        "Microsoft.VSTS.TCM.LocalDataSource": null,
        "Microsoft.VSTS.TCM.AutomationStatus": null,
        "System.History": null
      },
      "relations": [
        {
          "rel": "System.LinkTypes.Hierarchy-Forward",
          "url": "https://dev.azure.com/DemoOrgCarlosM/_apis/wit/workItems/6844",
          "attributes": {
            "isLocked": "false",
            "comment": "Making a new link for the dependency",
            "name": "Child"
          }
        }
      ],
      "url": "https://dev.azure.com/DemoOrgCarlosM/_apis/wit/workItems/6798"
    }
  ],
  "HttpStatusCode": 0,
  "Message": null
}