{
  "data": {
    "environment": "AzureCloud",
    "subscriptionId": "5a8e44c9-55c5-46f3-9f73-3dbcd5ba703c",
    "subscriptionName": "MS-AzureAppsProd",
    "scopeLevel": "Subscription"
  },
  "name": "Tailwind Traders Site Azure Connection",
  "type": "azurerm",
  "url": "https://management.azure.com/",
  "authorization": {
    "parameters": {
      "tenantId": "3ea257bc-d960-43d5-8a47-53b5f163dfbe",
      "servicePrincipalId": "0d3d40ab-412e-4e23-b57d-0de73fd4dd5b",
      "authenticationType": "spnKey",
      "servicePrincipalKey": "spnKey"
    },
    "scheme": "ServicePrincipal"
  },
  "isShared": false,
  "isReady": true,
  "owner": "Library"
}