[
  {
    "cards": {
      "Epic": [
        {
          "fieldIdentifier": "System.Id"
        },
        {
          "fieldIdentifier": "System.Title"
        },
        {
          "fieldIdentifier": "System.AssignedTo",
          "DisplayFormat": "AvatarAndFullName"
        },
        {
          "fieldIdentifier": "System.Tags"
        },
        {
          "fieldIdentifier": "System.State"
        }
      ]
    },
    "BoardName": "Epics"
  },
  {
    "cards": {
      "Feature": [
        {
          "fieldIdentifier": "System.Id"
        },
        {
          "fieldIdentifier": "System.Title"
        },
        {
          "fieldIdentifier": "System.AssignedTo",
          "DisplayFormat": "AvatarAndFullName"
        },
        {
          "fieldIdentifier": "System.Tags"
        },
        {
          "fieldIdentifier": "System.State"
        }
      ]
    },
    "BoardName": "Features"
  },
  {
    "cards": {
      "Bug": [
        {
          "fieldIdentifier": "System.Id"
        },
        {
          "fieldIdentifier": "System.Title"
        },
        {
          "fieldIdentifier": "System.AssignedTo",
          "DisplayFormat": "AvatarAndFullName"
        },
        {
          "fieldIdentifier": "System.Tags"
        },
        {
          "fieldIdentifier": "System.State"
        },
        {
          "fieldIdentifier": "Microsoft.VSTS.Scheduling.Effort"
        }
      ],
      "Product Backlog Item": [
        {
          "fieldIdentifier": "System.Id"
        },
        {
          "fieldIdentifier": "System.Title"
        },
        {
          "fieldIdentifier": "System.AssignedTo",
          "DisplayFormat": "AvatarAndFullName"
        },
        {
          "fieldIdentifier": "System.Tags"
        },
        {
          "fieldIdentifier": "System.State"
        },
        {
          "fieldIdentifier": "Microsoft.VSTS.Scheduling.Effort"
        }
      ]
    },
    "BoardName": "Backlog Items"
  }
]