{
  "options": [
    {
      "enabled": false,
      "definition": {
        "id": "5d58cc01-7c75-450c-be18-a388ddb129ec"
      },
      "inputs": {
        "branchFilters": "[\"+refs/heads/*\"]",
        "additionalFields": "{}"
      }
    },
    {
      "enabled": false,
      "definition": {
        "id": "a9db38f9-9fdc-478c-b0f9-464221e58316"
      },
      "inputs": {
        "workItemType": "Task",
        "assignToRequestor": "true",
        "additionalFields": "{}"
      }
    }
  ],
  "variables": {
    "BuildConfiguration": {
      "value": "release"
    },
    "BuildPlatform": {
      "value": "any cpu"
    },
    "imageName": {
      "value": "website"
    },
    "location": {
      "value": "westus"
    },
    "resourcegroup": {
      "value": "TailwindTraderWeb"
    },
    "system.debug": {
      "value": "false",
      "allowOverride": true
    },
    "VSTS_ARM_REST_IGNORE_SSL_ERRORS": {
      "value": "true"
    }
  },
  "properties": {},
  "tags": [],
  "_links": "{}",
  "jobAuthorizationScope": "projectCollection",
  "jobTimeoutInMinutes": 60,
  "jobCancelTimeoutInMinutes": 5,
  "process": {
    "phases": [
      {
        "steps": [
          {
            "environment": {},
            "enabled": true,
            "continueOnError": false,
            "alwaysRun": false,
            "displayName": "Restore",
            "timeoutInMinutes": 0,
            "condition": "succeeded()",
            "task": {
              "id": "5541a522-603c-47ad-91fc-a4b1d163081b",
              "versionSpec": "2.*",
              "definitionType": "task"
            },
            "inputs": {
              "command": "restore",
              "publishWebProjects": "true",
              "projects": "**/*.csproj",
              "custom": "",
              "arguments": "",
              "publishTestResults": "true",
              "testRunTitle": "",
              "zipAfterPublish": "true",
              "modifyOutputPath": "true",
              "selectOrConfig": "select",
              "feedRestore": "",
              "includeNuGetOrg": "true",
              "nugetConfigPath": "",
              "externalEndpoints": "",
              "noCache": "false",
              "packagesDirectory": "",
              "verbosityRestore": "Detailed",
              "searchPatternPush": "$(Build.ArtifactStagingDirectory)/*.nupkg",
              "nuGetFeedType": "internal",
              "feedPublish": "",
              "publishPackageMetadata": "true",
              "externalEndpoint": "",
              "searchPatternPack": "**/*.csproj",
              "configurationToPack": "$(BuildConfiguration)",
              "outputDir": "$(Build.ArtifactStagingDirectory)",
              "nobuild": "false",
              "includesymbols": "false",
              "includesource": "false",
              "versioningScheme": "off",
              "versionEnvVar": "",
              "requestedMajorVersion": "1",
              "requestedMinorVersion": "0",
              "requestedPatchVersion": "0",
              "buildProperties": "",
              "verbosityPack": "Detailed",
              "workingDirectory": ""
            }
          },
          {
            "environment": {},
            "enabled": true,
            "continueOnError": false,
            "alwaysRun": false,
            "displayName": "Build",
            "timeoutInMinutes": 0,
            "condition": "succeeded()",
            "task": {
              "id": "5541a522-603c-47ad-91fc-a4b1d163081b",
              "versionSpec": "2.*",
              "definitionType": "task"
            },
            "inputs": {
              "command": "build",
              "publishWebProjects": "true",
              "projects": "**/*.csproj",
              "custom": "",
              "arguments": "--configuration $(BuildConfiguration)",
              "publishTestResults": "true",
              "testRunTitle": "",
              "zipAfterPublish": "true",
              "modifyOutputPath": "true",
              "selectOrConfig": "select",
              "feedRestore": "",
              "includeNuGetOrg": "true",
              "nugetConfigPath": "",
              "externalEndpoints": "",
              "noCache": "false",
              "packagesDirectory": "",
              "verbosityRestore": "Detailed",
              "searchPatternPush": "$(Build.ArtifactStagingDirectory)/*.nupkg",
              "nuGetFeedType": "internal",
              "feedPublish": "",
              "publishPackageMetadata": "true",
              "externalEndpoint": "",
              "searchPatternPack": "**/*.csproj",
              "configurationToPack": "$(BuildConfiguration)",
              "outputDir": "$(Build.ArtifactStagingDirectory)",
              "nobuild": "false",
              "includesymbols": "false",
              "includesource": "false",
              "versioningScheme": "off",
              "versionEnvVar": "",
              "requestedMajorVersion": "1",
              "requestedMinorVersion": "0",
              "requestedPatchVersion": "0",
              "buildProperties": "",
              "verbosityPack": "Detailed",
              "workingDirectory": ""
            }
          },
          {
            "environment": {},
            "enabled": true,
            "continueOnError": false,
            "alwaysRun": false,
            "displayName": "Publish",
            "timeoutInMinutes": 0,
            "condition": "succeeded()",
            "task": {
              "id": "5541a522-603c-47ad-91fc-a4b1d163081b",
              "versionSpec": "2.*",
              "definitionType": "task"
            },
            "inputs": {
              "command": "publish",
              "publishWebProjects": "true",
              "projects": "",
              "custom": "",
              "arguments": "--configuration $(BuildConfiguration) --output $(build.artifactstagingdirectory)",
              "publishTestResults": "true",
              "testRunTitle": "",
              "zipAfterPublish": "true",
              "modifyOutputPath": "true",
              "selectOrConfig": "select",
              "feedRestore": "",
              "includeNuGetOrg": "true",
              "nugetConfigPath": "",
              "externalEndpoints": "",
              "noCache": "false",
              "packagesDirectory": "",
              "verbosityRestore": "Detailed",
              "searchPatternPush": "$(Build.ArtifactStagingDirectory)/*.nupkg",
              "nuGetFeedType": "internal",
              "feedPublish": "",
              "publishPackageMetadata": "true",
              "externalEndpoint": "",
              "searchPatternPack": "**/*.csproj",
              "configurationToPack": "$(BuildConfiguration)",
              "outputDir": "$(Build.ArtifactStagingDirectory)",
              "nobuild": "false",
              "includesymbols": "false",
              "includesource": "false",
              "versioningScheme": "off",
              "versionEnvVar": "",
              "requestedMajorVersion": "1",
              "requestedMinorVersion": "0",
              "requestedPatchVersion": "0",
              "buildProperties": "",
              "verbosityPack": "Detailed",
              "workingDirectory": ""
            }
          },
          {
            "environment": {},
            "enabled": true,
            "continueOnError": false,
            "alwaysRun": false,
            "displayName": "Publish Artifact",
            "timeoutInMinutes": 0,
            "condition": "succeeded()",
            "task": {
              "id": "2ff763a7-ce83-4e1f-bc89-0ae63477cebe",
              "versionSpec": "1.*",
              "definitionType": "task"
            },
            "inputs": {
              "PathtoPublish": "$(build.artifactstagingdirectory)",
              "ArtifactName": "drop",
              "ArtifactType": "Container",
              "TargetPath": "",
              "Parallel": "false",
              "ParallelCount": "8",
              "FileCopyOptions": ""
            }
          }
        ],
        "name": "Agent job 1",
        "refName": "Job_1",
        "condition": "succeeded()",
        "target": {
          "executionOptions": {
            "type": 0
          },
          "allowScriptsAuthAccessOption": false,
          "type": 1,
          "queue": "{}"
        },
        "jobAuthorizationScope": "projectCollection"
      }
    ],
    "type": 1
  },
  "repository": {
    "properties": {
      "apiUrl": "https://api.github.com/repos/MeganB-TW/TailwindTraders-Website",
      "branchesUrl": "https://api.github.com/repos/MeganB-TW/TailwindTraders-Website/branches",
      "cloneUrl": "https://github.com/MeganB-TW/TailwindTraders-Website.git",
      "connectedServiceId": "$GitHub_b38ffcb0$",
      "defaultBranch": "master",
      "fullName": "repository",
      "hasAdminPermissions": "True",
      "isFork": "False",
      "isPrivate": "False",
      "lastUpdated": "09/04/2019 18:38:10",
      "manageUrl": "https://github.com/MeganB-TW/TailwindTraders-Website",
      "nodeId": "MDEwOlJlcG9zaXRvcnkyMDYzODcwMzQ=",
      "ownerId": "50852277",
      "orgName": "MeganB-TW",
      "refsUrl": "https://api.github.com/repos/MeganB-TW/TailwindTraders-Website/git/refs",
      "safeRepository": "MeganB-TW/TailwindTraders-Website",
      "shortName": "TailwindTraders-Website",
      "ownerAvatarUrl": "https://avatars3.githubusercontent.com/u/50852277?v=4",
      "archived": "False",
      "externalId": "206387034",
      "ownerIsAUser": "True",
      "checkoutNestedSubmodules": "false",
      "cleanOptions": "0",
      "fetchDepth": "0",
      "gitLfsSupport": "false",
      "reportBuildStatus": "true",
      "skipSyncSource": "false",
      "labelSourcesFormat": "$(build.buildNumber)",
      "labelSources": "0"
    },
    "id": "MeganB-TW/TailwindTraders-Website",
    "type": "Git",
    "name": "repository",
    "url": "https://github.com/MeganB-TW/TailwindTraders-Website.git",
    "defaultBranch": "dotnetcore3.0",
    "clean": "false",
    "checkoutSubmodules": false
  },
  "processParameters": {},
  "quality": "definition",
  "authoredBy": "{}",
  "drafts": [],
  "queue": {
    "_links": "{}",
    "id": "",
    "name": "Hosted VS2017",
    "url": "",
    "pool": {
      "id": "",
      "name": "Hosted VS2017",
      "isHosted": true
    }
  },
  "id": "",
  "name": "Website-CI",
  "url": "",
  "uri": "",
  "path": "\\",
  "type": "build",
  "queueStatus": "enabled",
  "revision": 8,
  "createdDate": "",
  "project": "{}"
}